Ticker,term,Dates,Beta,Standard Error,t-value,p-value
AAPL,Market Returns,2022-10-03 - 2024-09-20,1.161660692078265,0.2869535232337594,4.048253804264838,5.789530274297668e-4
MSFT,Market Returns,2022-10-03 - 2024-09-20,0.9239834342027562,0.2625160841347984,3.5197212286935664,0.0020354013759146367
NVDA,Market Returns,2022-10-03 - 2024-09-20,2.2128644476793595,0.5705617801186786,3.878395863142247,8.685575615124757e-4
AMZN,Market Returns,2022-10-03 - 2024-09-20,1.3107562927728729,0.35889806178205563,3.652168769774083,0.0014877749125119543
META,Market Returns,2022-10-03 - 2024-09-20,1.351008710028638,0.44115917846772584,3.0624064418677275,0.005912898947620912
GOOGL,Market Returns,2022-10-03 - 2024-09-20,0.9752870815241832,0.36052240006675657,2.7052052281455827,0.013255964957781176
BRK-B,Market Returns,2022-10-03 - 2024-09-20,0.6875700638119836,0.19792573605891162,3.4738790290886263,0.0022677587103119385
AVGO,Market Returns,2022-10-03 - 2024-09-20,0.9944631719533114,0.3991964562443887,2.491162324708863,0.02117854690925905
GOOG,Market Returns,2022-10-03 - 2024-09-20,0.9817769683049141,0.3588220208700081,2.7361112507099627,0.012376005739040023
LLY,Market Returns,2022-10-03 - 2024-09-20,0.4872628123601376,0.4778003259983617,1.0198042693713196,0.3194269307543014
TSLA,Market Returns,2022-10-03 - 2024-09-20,2.116647463007447,0.9724844593538311,2.1765360285693993,0.04107171729790182
JPM,Market Returns,2022-10-03 - 2024-09-20,0.9714749260702764,0.265705794258515,3.6562052731341366,0.001473598442785586
UNH,Market Returns,2022-10-03 - 2024-09-20,-0.021617537832065516,0.25841540007710095,-0.08365421652740393,0.9341236798746156
XOM,Market Returns,2022-10-03 - 2024-09-20,0.20917555258450388,0.30094766776757476,0.6950562339830209,0.4946397061036605
V,Market Returns,2022-10-03 - 2024-09-20,0.8463633941101814,0.1781175607735488,4.751712242378012,1.0794137851788033e-4
PG,Market Returns,2022-10-03 - 2024-09-20,0.33920192347787764,0.26818620916701263,1.2648000228327925,0.21979951977465584
MA,Market Returns,2022-10-03 - 2024-09-20,0.896199324892665,0.17445597577881478,5.137108779976201,4.339073972357383e-5
COST,Market Returns,2022-10-03 - 2024-09-20,1.2675445760428556,0.24037156752929295,5.273271664663026,3.1528620689130884e-5
HD,Market Returns,2022-10-03 - 2024-09-20,1.3895459633872935,0.22080128699872878,6.293196848056839,3.0585984227303497e-6
JNJ,Market Returns,2022-10-03 - 2024-09-20,0.6151902863135263,0.22185310903422648,2.7729622045486755,0.011399216236773448
WMT,Market Returns,2022-10-03 - 2024-09-20,0.5280266333678942,0.22328003232917032,2.364862759377657,0.027742423299580564
ABBV,Market Returns,2022-10-03 - 2024-09-20,0.4335082225917514,0.3357942043049544,1.2909937605654958,0.21073754797395058
NFLX,Market Returns,2022-10-03 - 2024-09-20,1.5636409550441952,0.39986047196366015,3.9104664368682607,8.045826477474679e-4
MRK,Market Returns,2022-10-03 - 2024-09-20,0.31255135868220324,0.2846163059946454,1.0981498673799928,0.2845709839369872
KO,Market Returns,2022-10-03 - 2024-09-20,0.43491466500073717,0.1947113551205708,2.233637913574304,0.03651499959184627
ORCL,Market Returns,2022-10-03 - 2024-09-20,1.1183698219254241,0.3939179460907656,2.8390933518619943,0.009827470310095584
CRM,Market Returns,2022-10-03 - 2024-09-20,1.7064631906338277,0.4932974827101203,3.4592983958862162,0.002346978238285868
BAC,Market Returns,2022-10-03 - 2024-09-20,1.3513568706113648,0.3308929889619493,4.0839694876906645,5.315732643090284e-4
AMD,Market Returns,2022-10-03 - 2024-09-20,1.9980346570201417,0.6125876975458574,3.261630400062959,0.003729023828811297
CVX,Market Returns,2022-10-03 - 2024-09-20,0.3690610666038907,0.27806175980963943,1.3272629320067213,0.19867194433558608
PEP,Market Returns,2022-10-03 - 2024-09-20,0.3008687341960439,0.18778219442301783,1.6022218460088684,0.12404274127939215
ADBE,Market Returns,2022-10-03 - 2024-09-20,1.2645630411796154,0.49642651013324574,2.5473318111883154,0.018752178990002893
LIN,Market Returns,2022-10-03 - 2024-09-20,0.726798394703303,0.2089665928605129,3.4780602236666964,0.0022455294978725826
TMO,Market Returns,2022-10-03 - 2024-09-20,1.0734126193842464,0.2615871701746232,4.1034604971936774,5.073688432194037e-4
MCD,Market Returns,2022-10-03 - 2024-09-20,0.6023850006167485,0.2048351981725683,2.9408275823242787,0.007806894445380689
CSCO,Market Returns,2022-10-03 - 2024-09-20,0.34299815089863106,0.2827342324655883,1.2131468761582576,0.23854367566772056
ACN,Market Returns,2022-10-03 - 2024-09-20,1.124771267550931,0.2969036821489836,3.7883372122900476,0.0010764656920495745
GE,Market Returns,2022-10-03 - 2024-09-20,0.8546660283825521,0.3186901088855358,2.6818090820933613,0.013961182385465907
IBM,Market Returns,2022-10-03 - 2024-09-20,0.8443303403996943,0.28691982134802746,2.9427396700332533,0.00777302863873575
ABT,Market Returns,2022-10-03 - 2024-09-20,0.9015894306922361,0.2573576433942564,3.5032549210557367,0.002116039191190417
VZ,Market Returns,2022-10-03 - 2024-09-20,0.5157595957829381,0.3164176764064762,1.6299961545776076,0.11801121642128151
QCOM,Market Returns,2022-10-03 - 2024-09-20,1.951331088776473,0.35908202589834437,5.434221008123899,2.166094465845901e-5
TXN,Market Returns,2022-10-03 - 2024-09-20,1.2714912435147694,0.279447783753519,4.550013696427313,1.7449888044260075e-4
PM,Market Returns,2022-10-03 - 2024-09-20,0.5914475125240887,0.2787511613649823,2.1217759582701,0.04592061622208393
CAT,Market Returns,2022-10-03 - 2024-09-20,1.3641979604433965,0.3692887312937837,3.6941229039510644,0.00134677234147376
NOW,Market Returns,2022-10-03 - 2024-09-20,1.079215200997025,0.37669476104201327,2.8649594117308648,0.009270853568375743
WFC,Market Returns,2022-10-03 - 2024-09-20,1.17222854968757,0.40430229595478956,2.8993863290320085,0.008576623226575923
INTU,Market Returns,2022-10-03 - 2024-09-20,1.024618671622033,0.31777796748416554,3.2243225662681865,0.00406718942919312
NEE,Market Returns,2022-10-03 - 2024-09-20,0.5832445967329317,0.4447325445865605,1.3114502274060853,0.2038641442867783
DHR,Market Returns,2022-10-03 - 2024-09-20,1.0343723592871152,0.27807531600412105,3.7197561227325404,0.0012672057746624297
ISRG,Market Returns,2022-10-03 - 2024-09-20,1.3424216603997488,0.3705404807917241,3.6228745035668757,0.0015947678689565623
DIS,Market Returns,2022-10-03 - 2024-09-20,1.324664449343962,0.42154278845557014,3.142419905218185,0.004917357238678987
AMGN,Market Returns,2022-10-03 - 2024-09-20,0.5160513913746102,0.35272459249813576,1.4630434121979676,0.15826265989108465
SPGI,Market Returns,2022-10-03 - 2024-09-20,1.263784327372419,0.23514529039704352,5.37448283671136,2.489236793273923e-5
PFE,Market Returns,2022-10-03 - 2024-09-20,0.3844428680338169,0.34816561420310116,1.1041953953831682,0.28200041523599273
AMAT,Market Returns,2022-10-03 - 2024-09-20,1.7362808171717599,0.40346598463957845,4.303413133384225,3.1451551525848493e-4
UBER,Market Returns,2022-10-03 - 2024-09-20,2.1507867663969966,0.49300414404195786,4.36261397067273,2.7300469321643123e-4
RTX,Market Returns,2022-10-03 - 2024-09-20,0.3006879443282677,0.41845230711298204,0.7185716011528215,0.4803244123067427
CMCSA,Market Returns,2022-10-03 - 2024-09-20,1.0247994187418303,0.3252980487022797,3.1503398893110193,0.004828146752941002
GS,Market Returns,2022-10-03 - 2024-09-20,1.1735880602929807,0.3093359166247327,3.793895235633777,0.0010623150619823779
T,Market Returns,2022-10-03 - 2024-09-20,0.6316999637537046,0.3065095901000983,2.060946815880728,0.0519080211413421
LOW,Market Returns,2022-10-03 - 2024-09-20,1.2958939466362933,0.27780108515720825,4.664826798293261,1.3272472452397909e-4
PGR,Market Returns,2022-10-03 - 2024-09-20,-0.022630586469264753,0.32498839699001814,-0.06963505983248947,0.9451429761898524
UNP,Market Returns,2022-10-03 - 2024-09-20,0.7902569973748932,0.26744968598483343,2.954787531213281,0.007562865825506094
AXP,Market Returns,2022-10-03 - 2024-09-20,1.194999803828885,0.286396527505806,4.172535939021325,4.3011261849419224e-4
BKNG,Market Returns,2022-10-03 - 2024-09-20,1.2499596364996635,0.2918419750344937,4.2830015673788076,3.302485113384221e-4
HON,Market Returns,2022-10-03 - 2024-09-20,0.8002602067280635,0.219078213438405,3.652851619374105,0.0014853672787765834
TJX,Market Returns,2022-10-03 - 2024-09-20,0.8140251669036175,0.20584632905319178,3.954528461342,7.242549318560406e-4
ETN,Market Returns,2022-10-03 - 2024-09-20,0.7843964967277757,0.3143504923605613,2.4952927251281976,0.020990581520525405
BLK,Market Returns,2022-10-03 - 2024-09-20,1.4772514083392505,0.25661102664749696,5.7567729167325705,1.0286663039315227e-5
MS,Market Returns,2022-10-03 - 2024-09-20,1.4619423173869235,0.35242508624351626,4.148235680296494,4.558503397904829e-4
SYK,Market Returns,2022-10-03 - 2024-09-20,0.5790922317951565,0.2886133065965668,2.006464076878585,0.05785548479296037
BSX,Market Returns,2022-10-03 - 2024-09-20,0.3753041639100195,0.21253399461187422,1.765854749944324,0.09195650457430542
COP,Market Returns,2022-10-03 - 2024-09-20,0.40167253410272685,0.3213110577607926,1.2501049198305563,0.2250132064140426
LMT,Market Returns,2022-10-03 - 2024-09-20,-0.031458444334893955,0.2885129515239446,-0.1090365065718137,0.9142087220462416
ELV,Market Returns,2022-10-03 - 2024-09-20,0.3398981117453432,0.19703100769713824,1.7250995958352398,0.09919776668628777
VRTX,Market Returns,2022-10-03 - 2024-09-20,0.9616215845125776,0.3285605682854286,2.92677112634281,0.008060237223916415
PLD,Market Returns,2022-10-03 - 2024-09-20,1.6998874331182439,0.33731110440759976,5.039524080014084,5.459995234080249e-5
C,Market Returns,2022-10-03 - 2024-09-20,1.2656749325667471,0.32034833891069675,3.9509333398465922,7.304989589744446e-4
MDT,Market Returns,2022-10-03 - 2024-09-20,0.820630383276383,0.3455411230369812,2.374913804944009,0.02715795050332412
ADI,Market Returns,2022-10-03 - 2024-09-20,1.2805423894321792,0.34492319943240596,3.712543521396638,0.00128911204560063
ADP,Market Returns,2022-10-03 - 2024-09-20,0.8340438997354463,0.26923060638548163,3.097879215638919,0.005449580004733887
PANW,Market Returns,2022-10-03 - 2024-09-20,1.0236244848076501,0.5630179066290026,1.8181028929194636,0.08334308113695384
MMC,Market Returns,2022-10-03 - 2024-09-20,0.724337827156706,0.19453434672968156,3.723444416544199,0.0012561462105244391
AMT,Market Returns,2022-10-03 - 2024-09-20,1.3910008738161928,0.3479947366008815,3.9971894040786746,6.540925823250649e-4
BX,Market Returns,2022-10-03 - 2024-09-20,2.0035356972229317,0.42890034226427953,4.671331542068097,1.3068511978328625e-4
REGN,Market Returns,2022-10-03 - 2024-09-20,0.655309136958961,0.28437263656539397,2.304402930161204,0.0315102712693789
CB,Market Returns,2022-10-03 - 2024-09-20,0.3941845690499727,0.2758712728003388,1.4288713900822245,0.16774796021745023
SBUX,Market Returns,2022-10-03 - 2024-09-20,0.8609709222236139,0.4145328470158169,2.076966707033382,0.050266682249742935
MU,Market Returns,2022-10-03 - 2024-09-20,1.510558345978115,0.5134879583484521,2.9417600187481954,0.007790362008309434
NKE,Market Returns,2022-10-03 - 2024-09-20,0.6038203023965764,0.5010856852358277,1.205024051150849,0.24159847773046003
LRCX,Market Returns,2022-10-03 - 2024-09-20,2.034133321196092,0.3969981722033889,5.123785104365597,4.477171046371379e-5
DE,Market Returns,2022-10-03 - 2024-09-20,0.802001138776057,0.35325456844194947,2.27032064245717,0.03383637870748659
KLAC,Market Returns,2022-10-03 - 2024-09-20,1.428342831209912,0.30050445518453694,4.753150266383838,1.0757309964574795e-4
GILD,Market Returns,2022-10-03 - 2024-09-20,0.34798970607108004,0.3174221065448221,1.096299529541247,0.28536113985966216
FI,Market Returns,2022-10-03 - 2024-09-20,0.8570671858831276,0.27958638698742516,3.0654825333884212,0.005871260050378787
BMY,Market Returns,2022-10-03 - 2024-09-20,0.9540368302294209,0.3382523883965676,2.8204880821444682,0.010247420684314428
INTC,Market Returns,2022-10-03 - 2024-09-20,2.0503009006675943,0.6739461227584361,3.042232652479385,0.0061931269926418404
ANET,Market Returns,2022-10-03 - 2024-09-20,0.9947485247089348,0.49138146622401513,2.0243916246027895,0.055834531021539624
TMUS,Market Returns,2022-10-03 - 2024-09-20,0.5381259338965944,0.18967366566365382,2.8371146411587103,0.009871339968622937
MDLZ,Market Returns,2022-10-03 - 2024-09-20,0.30389586765443233,0.25585210717845425,1.187779420720065,0.24818150224031763
SO,Market Returns,2022-10-03 - 2024-09-20,0.27323285979370665,0.27666411599353363,0.9875977548172269,0.33459289877162557
CI,Market Returns,2022-10-03 - 2024-09-20,-0.03950799095708862,0.4318687709631118,-0.09148147218188928,0.9279770633305444
UPS,Market Returns,2022-10-03 - 2024-09-20,1.2462343803672806,0.27081388697544134,4.60181120800609,1.5422313938249618e-4
SCHW,Market Returns,2022-10-03 - 2024-09-20,0.7206335191186943,0.6290626950976989,1.1455670869288692,0.26486194606504176
ICE,Market Returns,2022-10-03 - 2024-09-20,1.123039867617885,0.21224537848250757,5.2912335507481565,3.023156773854865e-5
DUK,Market Returns,2022-10-03 - 2024-09-20,0.37075044491604503,0.24710062094920476,1.5004027245737206,0.14839596681693207
BA,Market Returns,2022-10-03 - 2024-09-20,1.6876685035192285,0.5167417887020873,3.265980302770143,0.003691423782590602
KKR,Market Returns,2022-10-03 - 2024-09-20,1.87489093133409,0.3756229761678041,4.991417059899205,6.116492664795261e-5
SHW,Market Returns,2022-10-03 - 2024-09-20,1.5790248990975784,0.30314151501353537,5.208870513915174,3.6662189503459564e-5
TT,Market Returns,2022-10-03 - 2024-09-20,1.1610326973063076,0.2958450316255694,3.9244623812907102,7.781516400587003e-4
MO,Market Returns,2022-10-03 - 2024-09-20,0.3496871185092524,0.23553446612593373,1.4846537080576752,0.15249222199751492
ZTS,Market Returns,2022-10-03 - 2024-09-20,1.2235211168690823,0.3291211513334731,3.7175402185846838,0.0012738965187721531
CL,Market Returns,2022-10-03 - 2024-09-20,0.2342695186204405,0.2223966959401412,1.0533857871858623,0.3041343119581798
EQIX,Market Returns,2022-10-03 - 2024-09-20,1.4840904234421175,0.28642498141854855,5.181428016830132,3.910039188527422e-5
CEG,Market Returns,2022-10-03 - 2024-09-20,0.9395542030991607,0.48451073390286625,1.9391813996168776,0.06603303431518728
CMG,Market Returns,2022-10-03 - 2024-09-20,1.2447941532843236,0.4502405395225559,2.764731391367664,0.011610812715830634
PH,Market Returns,2022-10-03 - 2024-09-20,1.1314899300352834,0.3379581766761292,3.3480176191138837,0.003047730536640709
TDG,Market Returns,2022-10-03 - 2024-09-20,1.1158767398786946,0.2401361267404498,4.646850746804898,1.3852966684125694e-4
PYPL,Market Returns,2022-10-03 - 2024-09-20,1.3661348304132583,0.49837556690280144,2.741175372828212,0.012237212385504017
APH,Market Returns,2022-10-03 - 2024-09-20,1.1230245138261454,0.21773069137932682,5.157860413301268,4.1325390145760806e-5
CME,Market Returns,2022-10-03 - 2024-09-20,0.23181701992963094,0.22582598019869893,1.026529453013602,0.3163218571777696
SNPS,Market Returns,2022-10-03 - 2024-09-20,0.8272172574395471,0.3891602523606506,2.1256468316628885,0.04556156975870312
GD,Market Returns,2022-10-03 - 2024-09-20,0.16148033763866668,0.21568027921123806,0.7487023766345936,0.4623407118596443
WM,Market Returns,2022-10-03 - 2024-09-20,0.7098154359798055,0.23664382691038602,2.9995096227403533,0.006829474993976754
AON,Market Returns,2022-10-03 - 2024-09-20,0.9460034741434906,0.34629892479278873,2.7317540033066545,0.012496620202097618
HCA,Market Returns,2022-10-03 - 2024-09-20,1.3044799789907011,0.36686448424301427,3.5557543316910505,0.0018693306168333754
MSI,Market Returns,2022-10-03 - 2024-09-20,0.9038104106389927,0.22560295047161294,4.0061994258036835,6.401626531956732e-4
MMM,Market Returns,2022-10-03 - 2024-09-20,0.8825103597940827,0.46718372739964936,1.8890006394403904,0.0727810554300335
PLTR,Market Returns,2022-10-03 - 2024-09-20,1.7141619052275052,1.1377647325737084,1.5066048860118415,0.14680773587710624
WELL,Market Returns,2022-10-03 - 2024-09-20,0.9335281942901721,0.2728215553792433,3.4217538016469957,0.0025636648402720887
MCO,Market Returns,2022-10-03 - 2024-09-20,1.595690183249422,0.20865604424717699,7.647466858708124,1.683094835403694e-7
CDNS,Market Returns,2022-10-03 - 2024-09-20,1.0728921488731757,0.3241359842342245,3.3100062969185524,0.0033310681516637874
CVS,Market Returns,2022-10-03 - 2024-09-20,0.5929444027775201,0.42577311736998397,1.3926299679044072,0.17830251561002433
NOC,Market Returns,2022-10-03 - 2024-09-20,-0.4622666068427409,0.32820676202923404,-1.408461556320908,0.17362834665781735
PNC,Market Returns,2022-10-03 - 2024-09-20,1.110646228554305,0.4692761941769911,2.3667218630217075,0.0276334466357828
TGT,Market Returns,2022-10-03 - 2024-09-20,1.7082871740474728,0.35945194855011753,4.752477155675483,1.0774532558458e-4
CTAS,Market Returns,2022-10-03 - 2024-09-20,0.7011302324140907,0.18798158854972374,3.7297813994620648,0.0012373667762494804
EOG,Market Returns,2022-10-03 - 2024-09-20,0.6255970126602558,0.35423470455114164,1.7660522942069246,0.09192254383988671
USB,Market Returns,2022-10-03 - 2024-09-20,1.5174700045714442,0.5244505439120556,2.8934472891421135,0.008692723376137346
ITW,Market Returns,2022-10-03 - 2024-09-20,1.1546240312169644,0.22060119941287606,5.23398800319293,3.4565972804109374e-5
FCX,Market Returns,2022-10-03 - 2024-09-20,1.6370260367882334,0.5015487825669956,3.263941801253527,0.0037089981579681492
BDX,Market Returns,2022-10-03 - 2024-09-20,0.4687057016421547,0.26727357087563575,1.7536552533293563,0.09407481873493566
CARR,Market Returns,2022-10-03 - 2024-09-20,1.3052214397409216,0.3800987883083859,3.4339005539842846,0.0024914986662875923
ORLY,Market Returns,2022-10-03 - 2024-09-20,0.39285077275470326,0.2796163737831224,1.4049634055386484,0.17465261492299858
CRWD,Market Returns,2022-10-03 - 2024-09-20,0.7316991041119222,1.0064314279265218,0.7270233061177244,0.47523904712115184
APD,Market Returns,2022-10-03 - 2024-09-20,0.7570357450308236,0.38587396786096545,1.9618730675907936,0.06316736199367678
CSX,Market Returns,2022-10-03 - 2024-09-20,0.9766266061545511,0.24216828483151703,4.032842726841859,6.006756018716842e-4
ECL,Market Returns,2022-10-03 - 2024-09-20,0.963315387894876,0.2382763174359052,4.042849907456715,5.864794527965304e-4
NEM,Market Returns,2022-10-03 - 2024-09-20,0.8667918000386443,0.5497361208977277,1.5767415803479672,0.1298009119473665
MCK,Market Returns,2022-10-03 - 2024-09-20,0.18849273638627645,0.2989825037375203,0.6304473807997678,0.5352030243827675
AJG,Market Returns,2022-10-03 - 2024-09-20,0.6440302202237504,0.2752729106231078,2.3396062430041646,0.02926277702240906
EMR,Market Returns,2022-10-03 - 2024-09-20,0.8305988254570669,0.38302906452488916,2.168500780710584,0.04175285759397799
NXPI,Market Returns,2022-10-03 - 2024-09-20,1.870881017326149,0.41258312851155327,4.534555312708964,1.8105479130803035e-4
FDX,Market Returns,2022-10-03 - 2024-09-20,1.2391955343934018,0.36605375008989016,3.385282992153743,0.0027928638197194295
SLB,Market Returns,2022-10-03 - 2024-09-20,0.5555995476571772,0.4436599789486217,1.2523093675788115,0.22422509922994752
ROP,Market Returns,2022-10-03 - 2024-09-20,0.6954600557588534,0.15192162954610836,4.577755371876002,1.6332665038419148e-4
ADSK,Market Returns,2022-10-03 - 2024-09-20,1.3699210929898629,0.38886392270818165,3.5228804036364774,0.002020279329159523
ABNB,Market Returns,2022-10-03 - 2024-09-20,1.4451099038988862,0.5814514151324596,2.4853493624564966,0.02144574510710997
MAR,Market Returns,2022-10-03 - 2024-09-20,1.2188630582342719,0.23392075427223583,5.210581087712145,3.651541997073323e-5
PSA,Market Returns,2022-10-03 - 2024-09-20,1.1360213834376556,0.3261701441088189,3.482910388814278,0.002220011491023218
HLT,Market Returns,2022-10-03 - 2024-09-20,1.2446147667175087,0.21143414325690787,5.886536334887082,7.647583801339324e-6
TFC,Market Returns,2022-10-03 - 2024-09-20,1.0884923771243349,0.529635651812877,2.0551720289194293,0.05251137213220077
COF,Market Returns,2022-10-03 - 2024-09-20,1.256620163177524,0.4311331817938628,2.9146913674075554,0.008284236981747017
WMB,Market Returns,2022-10-03 - 2024-09-20,0.7841037054681909,0.23661042874567356,3.313901714412612,0.003300888514694635
OKE,Market Returns,2022-10-03 - 2024-09-20,0.8379367725857676,0.2925702226288898,2.8640535084414487,0.009289828127010062
AFL,Market Returns,2022-10-03 - 2024-09-20,0.4947769297485458,0.30825731358752867,1.6050776670641929,0.12341088711953555
NSC,Market Returns,2022-10-03 - 2024-09-20,1.2499467393083938,0.32860755644183237,3.803767487403017,0.001037633294261021
DHI,Market Returns,2022-10-03 - 2024-09-20,1.6852822473039366,0.4228944724768445,3.9851129702250105,6.732376645866745e-4
O,Market Returns,2022-10-03 - 2024-09-20,0.8967505316989982,0.2686329845009192,3.3381996383096046,0.003118575128128946
PSX,Market Returns,2022-10-03 - 2024-09-20,0.7158228051889848,0.3600278404920408,1.9882429209104724,0.05997607548313712
MPC,Market Returns,2022-10-03 - 2024-09-20,0.7195098925249425,0.434365862213798,1.6564604982027673,0.11249560549076554
TRV,Market Returns,2022-10-03 - 2024-09-20,0.5342959949501945,0.27322580874595914,1.955510708898566,0.0639595251990976
AEP,Market Returns,2022-10-03 - 2024-09-20,0.7334192892715717,0.25830226636183995,2.839383872242798,0.009821044923859
URI,Market Returns,2022-10-03 - 2024-09-20,1.5774301449701291,0.5434265530521653,2.902747641075806,0.008511573837353128
BK,Market Returns,2022-10-03 - 2024-09-20,0.8877825970426634,0.28703549370212744,3.0929366455423954,0.005511965628527887
AZO,Market Returns,2022-10-03 - 2024-09-20,0.4709047770708224,0.2716375318782301,1.7335777343239889,0.0976523972383326
SRE,Market Returns,2022-10-03 - 2024-09-20,0.7254693592400941,0.20530813256449407,3.533563674162787,0.0019699550823247887
SPG,Market Returns,2022-10-03 - 2024-09-20,1.3812870203661878,0.2853083504975227,4.841383078895132,8.724236258744676e-5
PCAR,Market Returns,2022-10-03 - 2024-09-20,1.4024820052193856,0.31537018136073314,4.447097690618918,2.2309598634051768e-4
GM,Market Returns,2022-10-03 - 2024-09-20,1.8293000605263368,0.38793973494395095,4.715423288080124,1.1766830413888028e-4
ROST,Market Returns,2022-10-03 - 2024-09-20,1.211865566420593,0.2862620675807331,4.23341302835667,3.71832470467127e-4
CCI,Market Returns,2022-10-03 - 2024-09-20,1.461560990275823,0.3531915522197269,4.13815387454839,4.6697487315254435e-4
JCI,Market Returns,2022-10-03 - 2024-09-20,1.5845743240243055,0.35095416175739297,4.515046398337591,1.896834257137226e-4
ALL,Market Returns,2022-10-03 - 2024-09-20,-0.031308304975237046,0.37023694831058923,-0.0845628863302231,0.9334098924617127
DLR,Market Returns,2022-10-03 - 2024-09-20,1.2835475153089697,0.2576366575198597,4.982006550096733,6.253982973873234e-5
FTNT,Market Returns,2022-10-03 - 2024-09-20,0.6839568744763016,0.5872298417462746,1.1647175021664176,0.25719437480157414
D,Market Returns,2022-10-03 - 2024-09-20,0.8872824158876341,0.3952590529002824,2.244812381593905,0.03567917406097868
KMB,Market Returns,2022-10-03 - 2024-09-20,0.30529817929275244,0.27400921448860605,1.1141894620680628,0.27778804374515553
MET,Market Returns,2022-10-03 - 2024-09-20,0.7416730915793791,0.44399391971021357,1.6704577667717952,0.10966749819645613
AIG,Market Returns,2022-10-03 - 2024-09-20,0.44248308189676333,0.3405867884297202,1.2991786438247865,0.20796612011330615
FICO,Market Returns,2022-10-03 - 2024-09-20,1.5486793419231708,0.33716426059875493,4.59324881935274,1.5740334303332147e-4
GWW,Market Returns,2022-10-03 - 2024-09-20,0.9042921456522136,0.3438073247894536,2.6302294350651167,0.015643217825958462
CPRT,Market Returns,2022-10-03 - 2024-09-20,1.0422757915612455,0.2903760707195666,3.589399735930145,0.001726334953852781
AMP,Market Returns,2022-10-03 - 2024-09-20,1.223269939088222,0.23228402348721913,5.2662680830286615,3.204955450881644e-5
FIS,Market Returns,2022-10-03 - 2024-09-20,1.392943329815175,0.44564968426162893,3.125646396727649,0.005111596844232626
MPWR,Market Returns,2022-10-03 - 2024-09-20,1.8165620168333272,0.3783127827441602,4.801746331848916,9.584579096307194e-5
TEL,Market Returns,2022-10-03 - 2024-09-20,1.2999796239460637,0.18568254591595534,7.001086814775082,6.517812163616222e-7
LHX,Market Returns,2022-10-03 - 2024-09-20,0.6878716593152799,0.27868831474047157,2.4682472243440143,0.022250212007588813
MSCI,Market Returns,2022-10-03 - 2024-09-20,1.4428340185538127,0.3992925602165902,3.6134758377946468,0.0016306761626761282
PEG,Market Returns,2022-10-03 - 2024-09-20,0.39486859498054266,0.25461775758710525,1.550828970934823,0.13588328824811263
LEN,Market Returns,2022-10-03 - 2024-09-20,1.6020619835630878,0.34234749315158647,4.679636964228385,1.2812675712923802e-4
PWR,Market Returns,2022-10-03 - 2024-09-20,1.3043215896576552,0.3656275479862205,3.567350427618248,0.0018187766239831896
CMI,Market Returns,2022-10-03 - 2024-09-20,1.0980429113281824,0.3266348586030897,3.361683183552889,0.0029517334615277824
PRU,Market Returns,2022-10-03 - 2024-09-20,0.9955003648829968,0.3467496686526427,2.870948280213763,0.009146343086047322
KMI,Market Returns,2022-10-03 - 2024-09-20,0.8522388081331457,0.1672040617902663,5.096998236814115,4.768455702058386e-5
VLO,Market Returns,2022-10-03 - 2024-09-20,0.7888457566215364,0.45303286457337744,1.7412550353590686,0.09627084626628798
PCG,Market Returns,2022-10-03 - 2024-09-20,0.2717217093015229,0.23636640828206776,1.1495783655402672,0.26324204113331595
PAYX,Market Returns,2022-10-03 - 2024-09-20,0.9183694484182908,0.20266093157725473,4.5315564340441545,1.8235503298300864e-4
ACGL,Market Returns,2022-10-03 - 2024-09-20,-0.19078222684928284,0.37317883651421047,-0.5112353868492163,0.6145196023810895
RCL,Market Returns,2022-10-03 - 2024-09-20,2.175496195920735,0.5066632446761156,4.293771491775412,3.218513694090022e-4
RSG,Market Returns,2022-10-03 - 2024-09-20,0.5810524808983127,0.22423610255470777,2.5912530332021406,0.017039122206490624
GIS,Market Returns,2022-10-03 - 2024-09-20,-0.011426916005194269,0.3120921549167829,-0.036613916194853324,0.9711386675545761
IDXX,Market Returns,2022-10-03 - 2024-09-20,1.961777465656576,0.33867986848526915,5.792424198197961,9.480274033333022e-6
VST,Market Returns,2022-10-03 - 2024-09-20,0.875072931428791,0.5541676557807954,1.5790761555649717,0.12926422588526645
MCHP,Market Returns,2022-10-03 - 2024-09-20,1.6687466350785445,0.44230053959934035,3.772879491827401,0.0011168096738060703
HWM,Market Returns,2022-10-03 - 2024-09-20,1.179043553569583,0.4243992600731647,2.7781470527689436,0.011267813361363694
F,Market Returns,2022-10-03 - 2024-09-20,1.9432873576466296,0.4648828469387756,4.180165756691293,4.223349377107926e-4
A,Market Returns,2022-10-03 - 2024-09-20,1.3398406941255407,0.3359321263276138,3.9884267955333246,6.679293291497612e-4
FAST,Market Returns,2022-10-03 - 2024-09-20,0.855560560517546,0.2905759872011068,2.9443608494924085,0.0077444257473717444
IQV,Market Returns,2022-10-03 - 2024-09-20,1.6435586023353943,0.3770424832705066,4.3590806746205155,2.753203642820692e-4
EXC,Market Returns,2022-10-03 - 2024-09-20,0.15968656026340164,0.2559619422260077,0.6238683722848242,0.5394324603442855
OTIS,Market Returns,2022-10-03 - 2024-09-20,1.144809568025509,0.2133030343818513,5.367057113571536,2.5326952800561208e-5
KDP,Market Returns,2022-10-03 - 2024-09-20,0.4106888167025056,0.26569673314352926,1.5457051799001673,0.1371135215541365
AME,Market Returns,2022-10-03 - 2024-09-20,0.9825745617888041,0.21892913285361226,4.488094156230026,2.0228876008269382e-4
CTVA,Market Returns,2022-10-03 - 2024-09-20,1.0424048699244424,0.3472944572909692,3.001501601999648,0.006798454242520569
STZ,Market Returns,2022-10-03 - 2024-09-20,0.842525564174347,0.2171078471416044,3.8806776229733697,8.638435585728149e-4
EW,Market Returns,2022-10-03 - 2024-09-20,1.352381385043141,0.5730087122935235,2.360141052009667,0.028020987559955964
IT,Market Returns,2022-10-03 - 2024-09-20,1.2966318712461489,0.37484439791119145,3.4591203135796853,0.0023479623792549927
CNC,Market Returns,2022-10-03 - 2024-09-20,0.4332690056332787,0.397735474182745,1.089339608249797,0.2883475019116349
COR,Market Returns,2022-10-03 - 2024-09-20,0.6459942941339537,0.2797867223499235,2.3088811674416125,0.03121580255609152
EXR,Market Returns,2022-10-03 - 2024-09-20,1.513427607676446,0.45564711328003416,3.3214906087780154,0.0032428579198838206
IR,Market Returns,2022-10-03 - 2024-09-20,1.0989503043987967,0.3101583166284117,3.543191478290763,0.001925659596396935
VRSK,Market Returns,2022-10-03 - 2024-09-20,0.7612042054150135,0.28443508586390825,2.6761965849009983,0.01413555998507962
SYY,Market Returns,2022-10-03 - 2024-09-20,1.004876260972969,0.2551464278858343,3.9384296668366545,7.52635124495691e-4
ODFL,Market Returns,2022-10-03 - 2024-09-20,1.410010669298848,0.42865789612177285,3.289361241343594,0.003495562643874411
KR,Market Returns,2022-10-03 - 2024-09-20,0.6778286345126503,0.3114300316362827,2.1765037589704335,0.04107443246252163
HUM,Market Returns,2022-10-03 - 2024-09-20,0.024801216124646187,0.4591070080258646,0.05402055662641718,0.9574294108486981
CTSH,Market Returns,2022-10-03 - 2024-09-20,1.06168570276693,0.29811463273735944,3.5613337494314834,0.0018448365172570088
YUM,Market Returns,2022-10-03 - 2024-09-20,0.6147597552406366,0.21307504402062605,2.8851795294296725,0.008856854986797115
DOW,Market Returns,2022-10-03 - 2024-09-20,1.069062753143398,0.27407340395744123,3.900643906730201,8.236629842882168e-4
CBRE,Market Returns,2022-10-03 - 2024-09-20,1.4042524592718557,0.4455437106151799,3.151772600118064,0.004812177150011879
HES,Market Returns,2022-10-03 - 2024-09-20,0.43546831900569777,0.34211644177380823,1.272865801911998,0.21697764102938338
MNST,Market Returns,2022-10-03 - 2024-09-20,0.7715107334939285,0.2725448126111437,2.8307665301070686,0.010013348252967232
EFX,Market Returns,2022-10-03 - 2024-09-20,2.0900580070111006,0.40696827791482326,5.135677939617055,4.353694871630494e-5
DD,Market Returns,2022-10-03 - 2024-09-20,1.056946623152556,0.4246700813557958,2.488865285207196,0.021283758916582227
BKR,Market Returns,2022-10-03 - 2024-09-20,0.6270682858226995,0.40453816910154067,1.5500843522760466,0.13606150322528388
XEL,Market Returns,2022-10-03 - 2024-09-20,0.12991443965820137,0.3062657619163571,0.42418858329218573,0.6757421166973002
ED,Market Returns,2022-10-03 - 2024-09-20,0.3796807072551607,0.2582890702678787,1.4699836383374,0.1563904213591346
RMD,Market Returns,2022-10-03 - 2024-09-20,1.2302701475927023,0.5660074391068612,2.173593600702533,0.04131996447881092
NUE,Market Returns,2022-10-03 - 2024-09-20,1.973901320646291,0.40668988524057825,4.8535785921467545,8.475552900589421e-5
HPQ,Market Returns,2022-10-03 - 2024-09-20,1.5508866077923669,0.3367175979634459,4.6058970994463175,1.5272845952627983e-4
IRM,Market Returns,2022-10-03 - 2024-09-20,1.2373504671947173,0.2429479240855353,5.093068697138075,4.812773981080235e-5
VICI,Market Returns,2022-10-03 - 2024-09-20,0.7955424466746264,0.21584409277100958,3.6857272138488524,0.0013738907465173501
DELL,Market Returns,2022-10-03 - 2024-09-20,0.6756918648070407,0.5203528972960968,1.2985261892806397,0.20818599866026938
OXY,Market Returns,2022-10-03 - 2024-09-20,0.4053528073849106,0.29333320935297125,1.381885154698406,0.18153167751342175
GLW,Market Returns,2022-10-03 - 2024-09-20,1.2221796790861672,0.26310126505181397,4.645282411870869,1.390481028223391e-4
HIG,Market Returns,2022-10-03 - 2024-09-20,0.5380682757995738,0.2648902817442252,2.0312873400131983,0.055074124218700365
DFS,Market Returns,2022-10-03 - 2024-09-20,1.5900066857771078,0.4349529738643538,3.655582974064166,0.0014757752768988523
TRGP,Market Returns,2022-10-03 - 2024-09-20,0.7396278989745769,0.2979527296173684,2.482366581854809,0.021584069570978134
EA,Market Returns,2022-10-03 - 2024-09-20,1.0100326413701917,0.2945019116349569,3.4296301703540535,0.0025166400675699025
EIX,Market Returns,2022-10-03 - 2024-09-20,0.9422646136901138,0.28857660129422946,3.265214883896257,0.0036980131010274074
VMC,Market Returns,2022-10-03 - 2024-09-20,1.0748776413284549,0.3413052290907471,3.14931489386195,0.00483960329421743
MLM,Market Returns,2022-10-03 - 2024-09-20,1.1652260073595964,0.32059018180495147,3.6346278628973274,0.0015509584717737998
AVB,Market Returns,2022-10-03 - 2024-09-20,0.8509734414808491,0.23617409324497515,3.6031616753077316,0.001670999443145724
XYL,Market Returns,2022-10-03 - 2024-09-20,1.0798031604543,0.28858300239747503,3.741742068949199,0.0012026750404873256
FANG,Market Returns,2022-10-03 - 2024-09-20,0.444303072326565,0.34558984007859084,1.2856369626651227,0.21256683605451182
WAB,Market Returns,2022-10-03 - 2024-09-20,0.7903424189804804,0.2986098479172299,2.6467392970895967,0.015085050168022064
EBAY,Market Returns,2022-10-03 - 2024-09-20,1.3817666372765678,0.32767431955877857,4.216890231548051,3.8682103471314076e-4
DAL,Market Returns,2022-10-03 - 2024-09-20,1.8030275631985113,0.47139236885291785,3.824897648610611,9.866988157957353e-4
CHTR,Market Returns,2022-10-03 - 2024-09-20,0.9272042181221334,0.5708248408344228,1.624323525876626,0.11922265568691794
KHC,Market Returns,2022-10-03 - 2024-09-20,0.12003493051422355,0.31368513648926183,0.38266056166270607,0.7058171030234817
TSCO,Market Returns,2022-10-03 - 2024-09-20,0.6547559760534353,0.26241052954674565,2.495158929728837,0.020996645760246412
NDAQ,Market Returns,2022-10-03 - 2024-09-20,0.7561564791115717,0.33447651005056506,2.260716242815552,0.03451974802857796
CSGP,Market Returns,2022-10-03 - 2024-09-20,0.8386173653922332,0.3683288176517037,2.2768171405617252,0.03338119541515923
MTD,Market Returns,2022-10-03 - 2024-09-20,1.4164679727281404,0.32189742714182146,4.400370594152259,2.4944669112809167e-4
WEC,Market Returns,2022-10-03 - 2024-09-20,0.5782374969440119,0.2515606894022248,2.2986003827468364,0.03189561902570506
LULU,Market Returns,2022-10-03 - 2024-09-20,1.1142550973415937,0.5508143840620268,2.0229230201368855,0.05599768356657882
ON,Market Returns,2022-10-03 - 2024-09-20,2.2823591521528646,0.6507999768704351,3.5070055827725533,0.002097400110572867
PPG,Market Returns,2022-10-03 - 2024-09-20,1.4295857970986723,0.26637161926188363,5.366884809500569,2.5337127860154123e-5
CDW,Market Returns,2022-10-03 - 2024-09-20,0.6731705851503657,0.32857009837004175,2.048788336156592,0.05318564967770055
WTW,Market Returns,2022-10-03 - 2024-09-20,0.5952236404804666,0.32529858328764694,1.8297763072461248,0.08151724859015247
NVR,Market Returns,2022-10-03 - 2024-09-20,1.4318643761610925,0.25800726099264265,5.549705735614641,1.657137205564764e-5
ROK,Market Returns,2022-10-03 - 2024-09-20,1.2310769470927792,0.3806382934665803,3.2342435541127883,0.0039744589320827575
PHM,Market Returns,2022-10-03 - 2024-09-20,1.6711567234475477,0.3732736533592262,4.477028336739539,2.0770493595955524e-4
MTB,Market Returns,2022-10-03 - 2024-09-20,1.1124027202262445,0.4616445976941544,2.409651766277629,0.02522454714007446
FITB,Market Returns,2022-10-03 - 2024-09-20,1.2925387318545403,0.5330316563152848,2.424881743027307,0.024417824012753345
AXON,Market Returns,2022-10-03 - 2024-09-20,1.2444578696371975,0.5154069042863857,2.414515326216342,0.02496427757478212
HSY,Market Returns,2022-10-03 - 2024-09-20,0.1413105627623671,0.27386660601370244,0.5159831818096758,0.611256525485538
AWK,Market Returns,2022-10-03 - 2024-09-20,0.8718317392821031,0.2660312821253336,3.277177527082558,0.0035963266928779884
ANSS,Market Returns,2022-10-03 - 2024-09-20,1.053975890056606,0.3848635410702133,2.738570369969968,0.012308422602901737
ADM,Market Returns,2022-10-03 - 2024-09-20,0.7204036067348988,0.45484970006413933,1.583827815283407,0.1281775946273544
ETR,Market Returns,2022-10-03 - 2024-09-20,0.5411566988662045,0.25424777228779,2.128461909407232,0.04530204945236647
BIIB,Market Returns,2022-10-03 - 2024-09-20,0.6104136196570701,0.3164932648326993,1.928678071489892,0.06739794039186177
VTR,Market Returns,2022-10-03 - 2024-09-20,1.0679490792686328,0.4337953326950437,2.4618731433410708,0.02255717263215603
DXCM,Market Returns,2022-10-03 - 2024-09-20,1.294352698488283,0.764011268170622,1.6941539377914292,0.10501716064784247
FTV,Market Returns,2022-10-03 - 2024-09-20,1.265171793982746,0.2550376568805851,4.96072544524329,6.576560321668475e-5
KEYS,Market Returns,2022-10-03 - 2024-09-20,1.1133112546072996,0.39084121137227334,2.848500163783596,0.009621447357063353
GRMN,Market Returns,2022-10-03 - 2024-09-20,1.0115388266462455,0.27396172015017717,3.6922633793208477,0.0013527327273250077
IFF,Market Returns,2022-10-03 - 2024-09-20,1.2518789089376956,0.4646422592955007,2.6942855151311846,0.013580808147363501
CAH,Market Returns,2022-10-03 - 2024-09-20,0.7980064102390488,0.316985949737029,2.5174819606391816,0.02000719415258616
STT,Market Returns,2022-10-03 - 2024-09-20,1.0181302836811505,0.36278872406464113,2.8064000233362867,0.010576740652313697
DOV,Market Returns,2022-10-03 - 2024-09-20,1.1197331588113426,0.23303857083775376,4.80492630377022,9.512499265897908e-5
DTE,Market Returns,2022-10-03 - 2024-09-20,0.6597014351195194,0.22521503369383503,2.9292069197136277,0.00801577855618305
FSLR,Market Returns,2022-10-03 - 2024-09-20,2.080980820023963,0.7463921149653547,2.7880530599128255,0.011020756251784157
HPE,Market Returns,2022-10-03 - 2024-09-20,1.2072877391455596,0.41994944466204825,2.8748406611589092,0.009066278449861844
SBAC,Market Returns,2022-10-03 - 2024-09-20,1.4498054484124683,0.40143197009509685,3.6115844188219937,0.0016379981913117667
EQR,Market Returns,2022-10-03 - 2024-09-20,0.9088340529474113,0.21344990265111155,4.257833063681083,3.5073739310214166e-4
HAL,Market Returns,2022-10-03 - 2024-09-20,0.2778726686989669,0.470102252958582,0.5910898468368937,0.5607692306313194
CHD,Market Returns,2022-10-03 - 2024-09-20,0.41331963703241265,0.2529606770841625,1.6339284105208858,0.11717753962619279
NTAP,Market Returns,2022-10-03 - 2024-09-20,1.4607318621083276,0.3456530309339348,4.226006229893351,3.784782875952911e-4
DVN,Market Returns,2022-10-03 - 2024-09-20,0.6697801550974424,0.40469494085478264,1.6550247791157358,0.11278914542947588
TYL,Market Returns,2022-10-03 - 2024-09-20,0.5258607865044296,0.2541449530521846,2.069137239158365,0.051062946548299584
GPN,Market Returns,2022-10-03 - 2024-09-20,0.5920464167282224,0.4942131517042103,1.197957631614316,0.24427993244081198
LYB,Market Returns,2022-10-03 - 2024-09-20,0.9282151537378984,0.2430034326639789,3.8197614888075218,9.988468562164316e-4
TTWO,Market Returns,2022-10-03 - 2024-09-20,0.7845124698683024,0.3796804899068292,2.066243830597711,0.05136006278889726
BRO,Market Returns,2022-10-03 - 2024-09-20,0.8752330968622493,0.2735652432753341,3.199357807239266,0.00430993406748871
BR,Market Returns,2022-10-03 - 2024-09-20,1.1352044393720269,0.2552666518615542,4.447131778058161,2.2307782154750634e-4
PPL,Market Returns,2022-10-03 - 2024-09-20,0.7460367486737874,0.2764287761094765,2.6988389529255374,0.013444445181369596
WY,Market Returns,2022-10-03 - 2024-09-20,1.502066013605946,0.3221784812886449,4.662217065515995,1.3355201534999802e-4
TROW,Market Returns,2022-10-03 - 2024-09-20,1.758140150738019,0.26015523879031544,6.758042463081345,1.100135069801149e-6
ES,Market Returns,2022-10-03 - 2024-09-20,0.9241451865002422,0.35940422487276497,2.5713253282634754,0.017797293512354817
DECK,Market Returns,2022-10-03 - 2024-09-20,1.2800946122082024,0.48022995570152455,2.6655867611137,0.014470842862530885
STE,Market Returns,2022-10-03 - 2024-09-20,0.9093160145637476,0.2850991107678505,3.189473345303354,0.004409885300561378
RJF,Market Returns,2022-10-03 - 2024-09-20,1.1357916959783978,0.2877629154720686,3.9469703527126034,7.374439355938443e-4
SMCI,Market Returns,2022-10-03 - 2024-09-20,1.3246853716396474,1.5530098481140915,0.8529793763048499,0.4032950715923034
AEE,Market Returns,2022-10-03 - 2024-09-20,0.4207280001383755,0.2743263905568576,1.5336767245919578,0.14003780274157812
HUBB,Market Returns,2022-10-03 - 2024-09-20,1.13720931320626,0.39511792237420024,2.8781516828519234,0.008998700246104562
STX,Market Returns,2022-10-03 - 2024-09-20,1.2403191717733575,0.36257250204293,3.420885932564458,0.002568898674005485
FE,Market Returns,2022-10-03 - 2024-09-20,0.47029171306458,0.2433488845930098,1.9325821601817572,0.06688772399193084
GDDY,Market Returns,2022-10-03 - 2024-09-20,1.3372191885232816,0.37590732957270717,3.557310760722051,0.0018624657728093968
BLDR,Market Returns,2022-10-03 - 2024-09-20,1.6079705920596234,0.6024845601625901,2.668899252166208,0.014365365549697971
WST,Market Returns,2022-10-03 - 2024-09-20,0.7810926317392594,0.463746400984765,1.684309851420108,0.10692828265405291
ZBH,Market Returns,2022-10-03 - 2024-09-20,0.9268733349422609,0.3550117106940413,2.6108246771078076,0.016324141713170225
K,Market Returns,2022-10-03 - 2024-09-20,0.5370793477418979,0.44146055357518665,1.2165964623392476,0.2372552469446867
COO,Market Returns,2022-10-03 - 2024-09-20,1.2918481724208473,0.3568079100919356,3.62057044107567,0.0016034979312564332
WDC,Market Returns,2022-10-03 - 2024-09-20,1.6476322287621585,0.5314839882175992,3.100059955310616,0.005422272081595938
MRNA,Market Returns,2022-10-03 - 2024-09-20,1.2829379412073822,0.8843726605010456,1.450675714557399,0.16164413253380508
EL,Market Returns,2022-10-03 - 2024-09-20,1.1399593855490582,0.5809826326593076,1.9621229989804851,0.06313642180663807
TER,Market Returns,2022-10-03 - 2024-09-20,1.7569318792608553,0.4660885292426209,3.7695239617156293,0.0011257632653273628
LDOS,Market Returns,2022-10-03 - 2024-09-20,0.6021495698854684,0.37948789693894197,1.5867424883443695,0.127514829792338
CBOE,Market Returns,2022-10-03 - 2024-09-20,0.08618666161869638,0.2618917846970793,0.3290926506854171,0.7453451997003184
ATO,Market Returns,2022-10-03 - 2024-09-20,0.8048722684469841,0.21152339681161098,3.805121705585256,0.0010342922038091863
PTC,Market Returns,2022-10-03 - 2024-09-20,1.1081715594051922,0.18356664544089757,6.036889527198921,5.437279491207929e-6
CPAY,Market Returns,2022-10-03 - 2024-09-20,0.8267191773932193,0.3899650019167891,2.1199830070125754,0.04608778729334239
CINF,Market Returns,2022-10-03 - 2024-09-20,0.7540420699259929,0.3037727436491725,2.4822571665509168,0.021589159426186957
MKC,Market Returns,2022-10-03 - 2024-09-20,0.6600024317773046,0.36337151304799326,1.8163295912801314,0.08362352800664458
EQT,Market Returns,2022-10-03 - 2024-09-20,0.4898779182047078,0.43268293773976624,1.132186817358028,0.27031865406064154
HBAN,Market Returns,2022-10-03 - 2024-09-20,1.1432144833837006,0.5010817717896129,2.2814928575444116,0.03305706958922069
CMS,Market Returns,2022-10-03 - 2024-09-20,0.48789700397758007,0.23833048208854551,2.047144786944687,0.05336050017495149
RF,Market Returns,2022-10-03 - 2024-09-20,1.4615219400656683,0.4568740969998898,3.198959953437721,0.004313914309581187
TDY,Market Returns,2022-10-03 - 2024-09-20,0.8973325108535039,0.29806830915182353,3.0104928410770437,0.0066601153899465216
MOH,Market Returns,2022-10-03 - 2024-09-20,0.571435584994336,0.4339266206842768,1.31689451108857,0.20206464483136496
CLX,Market Returns,2022-10-03 - 2024-09-20,1.0160922468573552,0.4217288439033021,2.4093496604427993,0.025240796851124896
WAT,Market Returns,2022-10-03 - 2024-09-20,1.2724045118061347,0.43050352257033386,2.9556192809043846,0.007548559956470307
BALL,Market Returns,2022-10-03 - 2024-09-20,1.4145124037195245,0.3469949402872322,4.076464061835117,5.411978645706309e-4
INVH,Market Returns,2022-10-03 - 2024-09-20,1.1865080420844651,0.15768589166348823,7.524503489611798,2.1681532305238566e-7
DRI,Market Returns,2022-10-03 - 2024-09-20,1.013513763716798,0.21625058651587753,4.686756138080503,1.259740253124337e-4
OMC,Market Returns,2022-10-03 - 2024-09-20,0.6039296191859365,0.30641271510732326,1.9709678789746234,0.06205008550940477
BAX,Market Returns,2022-10-03 - 2024-09-20,1.2845233488620489,0.46592311347928855,2.756942748063837,0.011814476473133408
ARE,Market Returns,2022-10-03 - 2024-09-20,1.6305402311999782,0.34344709824306563,4.747573176600276,1.090085142852909e-4
GPC,Market Returns,2022-10-03 - 2024-09-20,0.5359211030061743,0.33815054961175117,1.5848594764121904,0.1279426784992935
J,Market Returns,2022-10-03 - 2024-09-20,0.4977902414623783,0.2509912047473863,1.9832975500611125,0.060563421729431674
BBY,Market Returns,2022-10-03 - 2024-09-20,1.758366574598044,0.34815459267679977,5.050533905294128,5.320070051690683e-5
ULTA,Market Returns,2022-10-03 - 2024-09-20,1.55244602919865,0.5310001530529157,2.923626330939954,0.008117986657663275
PKG,Market Returns,2022-10-03 - 2024-09-20,1.1292095359827192,0.2805827423228741,4.024515287840859,6.127494718877058e-4
ESS,Market Returns,2022-10-03 - 2024-09-20,0.6846775305387609,0.2962389668800123,2.3112338587653816,0.031062116287399726
SYF,Market Returns,2022-10-03 - 2024-09-20,1.3388607001687312,0.38645705818575804,3.4644488224748167,0.002318689679684071
MAA,Market Returns,2022-10-03 - 2024-09-20,0.9837707736297656,0.26529408121125825,3.708227372198221,0.001302399703025671
ZBRA,Market Returns,2022-10-03 - 2024-09-20,1.703717889505612,0.4613861812066573,3.692607102037388,0.0013516290239051422
APTV,Market Returns,2022-10-03 - 2024-09-20,1.513857662969751,0.5020459909821388,3.015376459850288,0.006586116534279916
CNP,Market Returns,2022-10-03 - 2024-09-20,0.7265080949717014,0.23344189913404473,3.112158090157299,0.005273162704807812
HOLX,Market Returns,2022-10-03 - 2024-09-20,0.8313716438515993,0.24882969389760584,3.3411271413359183,0.0030972842550686095
DG,Market Returns,2022-10-03 - 2024-09-20,1.0013059376705638,0.6449592986212174,1.5525102743865202,0.13548160062683084
NRG,Market Returns,2022-10-03 - 2024-09-20,1.237272196602032,0.4708752266423925,2.627600957953309,0.015733859101282235
LH,Market Returns,2022-10-03 - 2024-09-20,0.9411582201844791,0.23396605810032486,4.022627161504382,6.155204932667259e-4
NTRS,Market Returns,2022-10-03 - 2024-09-20,1.4068676021112894,0.3014698860878573,4.6666936468118285,1.3213610061716899e-4
WBD,Market Returns,2022-10-03 - 2024-09-20,1.8939201572917266,0.7301075995965111,2.5940288230644204,0.016935955930006283
CCL,Market Returns,2022-10-03 - 2024-09-20,3.3407888865655537,0.7377148720955309,4.528563829919557,1.8366191762850078e-4
EXPE,Market Returns,2022-10-03 - 2024-09-20,2.2276869178813516,0.5770955989978324,3.8601696525669036,9.071399870208808e-4
PFG,Market Returns,2022-10-03 - 2024-09-20,1.2407727422514947,0.3412307366264318,3.636169339603929,0.0015453015197785139
CFG,Market Returns,2022-10-03 - 2024-09-20,1.3901948115713954,0.6426147081700003,2.1633411029920384,0.04219562663356427
MAS,Market Returns,2022-10-03 - 2024-09-20,1.8022010365267829,0.3321568261440982,5.4257534233089695,2.2091657310114394e-5
EXPD,Market Returns,2022-10-03 - 2024-09-20,1.3979394696895722,0.23642351215375612,5.912861444932911,7.202855032788983e-6
UAL,Market Returns,2022-10-03 - 2024-09-20,1.6352852590310416,0.5538449710617079,2.952604689894065,0.007600534063681922
STLD,Market Returns,2022-10-03 - 2024-09-20,1.2884844088508083,0.44028084969168746,2.92650568325442,0.00806509642059543
AVY,Market Returns,2022-10-03 - 2024-09-20,1.0883283006983593,0.210657761400362,5.166333741817163,4.051100524481106e-5
FDS,Market Returns,2022-10-03 - 2024-09-20,0.874633848752193,0.25038547882818385,3.4931492546833054,0.002167073069733763
CTRA,Market Returns,2022-10-03 - 2024-09-20,0.47722940496653554,0.3086670056098036,1.5460978863734383,0.1370189069463156
ALGN,Market Returns,2022-10-03 - 2024-09-20,2.2808439429016003,0.7942211121466675,2.8717996890523363,0.009128772390738433
LUV,Market Returns,2022-10-03 - 2024-09-20,2.3207050675365157,0.3682822889143163,6.301430010055264,3.0029909037547407e-6
DGX,Market Returns,2022-10-03 - 2024-09-20,0.27513963761498467,0.28270446983168196,0.9732412005328346,0.34151141375314575
WRB,Market Returns,2022-10-03 - 2024-09-20,0.6149812390045986,0.336533675220497,1.8273988141057877,0.081886264195499
LYV,Market Returns,2022-10-03 - 2024-09-20,1.2157571717613873,0.4040259485093966,3.009106658240076,0.006681264967878994
PODD,Market Returns,2022-10-03 - 2024-09-20,2.2233826860688133,0.7087470457119934,3.1370609578135826,0.004978624034921484
IP,Market Returns,2022-10-03 - 2024-09-20,1.630110563933041,0.4352797407701253,3.744972281615825,0.001193471997354494
EG,Market Returns,2022-10-03 - 2024-09-20,0.08200844505446325,0.3628683776083192,0.2260005283320205,0.8233861292617675
TSN,Market Returns,2022-10-03 - 2024-09-20,0.7923018434939397,0.3777486391136763,2.097431364287487,0.04823785256521854
SWK,Market Returns,2022-10-03 - 2024-09-20,1.3707202273950294,0.535179436890877,2.5612348549081476,0.018193172342716245
DOC,Market Returns,2022-10-03 - 2024-09-20,1.4513380898970327,0.4041785317530334,3.590834188055908,0.0017204839211052115
TXT,Market Returns,2022-10-03 - 2024-09-20,0.7104406324814101,0.29346422241790693,2.420876475598818,0.024627626804525456
AMCR,Market Returns,2022-10-03 - 2024-09-20,0.9935434817900156,0.2719262259448995,3.6537243818157417,0.0014822956339486054
PNR,Market Returns,2022-10-03 - 2024-09-20,1.4273955297172682,0.3373468048124249,4.231240697569208,3.7376942273957884e-4
LVS,Market Returns,2022-10-03 - 2024-09-20,1.406217551594921,0.48436143669742737,2.9032401117295428,0.008502083143863642
IEX,Market Returns,2022-10-03 - 2024-09-20,1.1577489909487564,0.25421822033456576,4.554154259380356,1.727837790272785e-4
KIM,Market Returns,2022-10-03 - 2024-09-20,1.0850681314927721,0.2531572629504456,4.286142608933046,3.277770763184929e-4
SWKS,Market Returns,2022-10-03 - 2024-09-20,1.380950046973557,0.43352962732507205,3.1853648745858005,0.00445208884364132
CAG,Market Returns,2022-10-03 - 2024-09-20,0.20422422884846772,0.26678086584702304,0.765513029579766,0.4524846406659718
LNT,Market Returns,2022-10-03 - 2024-09-20,0.5063343113230167,0.22573496358958048,2.243047790521309,0.03580998803854316
ENPH,Market Returns,2022-10-03 - 2024-09-20,2.1634815337045907,0.8648499259256928,2.501568733313941,0.02070795434341273
NI,Market Returns,2022-10-03 - 2024-09-20,0.4975840753758523,0.2035356969465578,2.444701754240695,0.023403841746949535
VRSN,Market Returns,2022-10-03 - 2024-09-20,0.557066117329442,0.2455536352452638,2.2686127891083077,0.033956981859423335
KEY,Market Returns,2022-10-03 - 2024-09-20,1.386463810785056,0.7020806642865361,1.9747927571741335,0.06158546824478905
CF,Market Returns,2022-10-03 - 2024-09-20,0.7961529399843627,0.5135680378915485,1.5502384908004894,0.13602459626049948
AKAM,Market Returns,2022-10-03 - 2024-09-20,0.74677376230352,0.4374633164181164,1.7070545901265295,0.10255672224115316
RVTY,Market Returns,2022-10-03 - 2024-09-20,1.17960855092042,0.49707850234246487,2.373083014778463,0.027263556208400673
MRO,Market Returns,2022-10-03 - 2024-09-20,0.6204333666129593,0.35956031713940295,1.725533483641953,0.09911817373487783
SNA,Market Returns,2022-10-03 - 2024-09-20,0.9461822949571818,0.2737068545377118,3.456918521661704,0.0023601636820059775
DPZ,Market Returns,2022-10-03 - 2024-09-20,1.6343060874451427,0.46809692453524476,3.491383945894927,0.002176111070805567
GEN,Market Returns,2022-10-03 - 2024-09-20,1.7867468816422956,0.43409648837919046,4.116013212439403,4.923659473085925e-4
TRMB,Market Returns,2022-10-03 - 2024-09-20,1.4350288785250853,0.40416027050088466,3.550643106871001,0.0018920499144484348
UHS,Market Returns,2022-10-03 - 2024-09-20,1.1005583694903418,0.47012209029532825,2.3410054371173596,0.02917657847127922
ROL,Market Returns,2022-10-03 - 2024-09-20,0.9446774386737615,0.24877549670526297,3.797309024340806,0.0010537151105615612
DLTR,Market Returns,2022-10-03 - 2024-09-20,1.422102147692268,0.5034764928026058,2.824565134662247,0.010153955555220334
L,Market Returns,2022-10-03 - 2024-09-20,0.45040866074158514,0.1911511470022773,2.3562958831537597,0.02824974582483661
CE,Market Returns,2022-10-03 - 2024-09-20,1.5223793630868696,0.3957090012547003,3.847219442215775,9.35582544766355e-4
EVRG,Market Returns,2022-10-03 - 2024-09-20,0.46094072727113616,0.26394215574942914,1.746370245262093,0.09535968772107477
POOL,Market Returns,2022-10-03 - 2024-09-20,1.6969672911174842,0.4930277051035245,3.441930896684924,0.002444885688408088
NDSN,Market Returns,2022-10-03 - 2024-09-20,1.0504577524416832,0.28388172022222596,3.700336011841032,0.0013270448173166385
AES,Market Returns,2022-10-03 - 2024-09-20,1.328865592715155,0.5898607302924469,2.2528463490972133,0.03508910016413934
JBHT,Market Returns,2022-10-03 - 2024-09-20,1.3091368700303592,0.29842156337815967,4.386870892340382,2.5762585605013837e-4
UDR,Market Returns,2022-10-03 - 2024-09-20,1.0359696934684748,0.2957862756887658,3.502426510682834,0.0021201778937493193
CPT,Market Returns,2022-10-03 - 2024-09-20,1.1564472131258328,0.29018075428285384,3.9852650324238432,6.729931633590248e-4
VTRS,Market Returns,2022-10-03 - 2024-09-20,0.8407399504484139,0.4068548170306976,2.0664372529353123,0.05134015248868985
ERIE,Market Returns,2022-10-03 - 2024-09-20,0.5711782361398112,0.5010009035648026,1.1400742634906873,0.26709208996976197
BG,Market Returns,2022-10-03 - 2024-09-20,0.6018282932281046,0.31651535574597395,1.9014189431969126,0.0710569842246869
EMN,Market Returns,2022-10-03 - 2024-09-20,1.3718335522673022,0.2565901248595558,5.346400423703653,2.6576903945900487e-5
JBL,Market Returns,2022-10-03 - 2024-09-20,0.6768219957376436,0.4901175558783918,1.3809380782629566,0.1818185230203438
FFIV,Market Returns,2022-10-03 - 2024-09-20,0.9681911593813554,0.32581378104570846,2.9716089855804095,0.007278543001485
HST,Market Returns,2022-10-03 - 2024-09-20,1.4836860486593237,0.3314171038279361,4.476793839311378,2.0782127438626318e-4
JNPR,Market Returns,2022-10-03 - 2024-09-20,0.6995576591488496,0.39579931834243814,1.7674554420116646,0.09168163310920806
CHRW,Market Returns,2022-10-03 - 2024-09-20,0.9769950284566972,0.36535762266405974,2.6740786775784007,0.014201896022288408
SJM,Market Returns,2022-10-03 - 2024-09-20,0.5930224576057861,0.34229589510412534,1.7324848649598632,0.09785043704115232
ALLE,Market Returns,2022-10-03 - 2024-09-20,1.424939672543281,0.32078234005984485,4.442076431880401,2.2578804881161942e-4
JKHY,Market Returns,2022-10-03 - 2024-09-20,1.0655118605037555,0.2400461131753249,4.438779892784712,2.27573149635844e-4
REG,Market Returns,2022-10-03 - 2024-09-20,0.910515771799967,0.24715991237241733,3.6839136373701806,0.0013798191165438952
TECH,Market Returns,2022-10-03 - 2024-09-20,1.7086691947665933,0.5101958060631016,3.349045943657293,0.003040401934474521
BXP,Market Returns,2022-10-03 - 2024-09-20,1.3566111273658654,0.5061510906105356,2.680249341613544,0.014009437535167472
KMX,Market Returns,2022-10-03 - 2024-09-20,2.147244864720355,0.430329727612938,4.989766513764311,6.140384383438444e-5
TFX,Market Returns,2022-10-03 - 2024-09-20,1.0942367424872603,0.42287572387950323,2.587608322484501,0.01717548072819133
IPG,Market Returns,2022-10-03 - 2024-09-20,1.0448528776048756,0.32309838112046174,3.23385364538648,0.003978064239635135
EPAM,Market Returns,2022-10-03 - 2024-09-20,1.0089414601003894,0.5972352861320309,1.6893533981134239,0.10594547167612092
CTLT,Market Returns,2022-10-03 - 2024-09-20,1.2116693805215248,0.8428369128169029,1.437608346402297,0.16528021687082328
TPR,Market Returns,2022-10-03 - 2024-09-20,2.202203520835267,0.4389641042014397,5.016819142516218,5.760445211005676e-5
AOS,Market Returns,2022-10-03 - 2024-09-20,1.3359133490551736,0.26664281183411415,5.010123242648229,5.85220934411901e-5
LKQ,Market Returns,2022-10-03 - 2024-09-20,1.2452360340100739,0.3082663026128627,4.039481524433463,5.912201065321732e-4
AIZ,Market Returns,2022-10-03 - 2024-09-20,0.5320552752291425,0.2811965322134092,1.892111794697911,0.07234571165888211
ALB,Market Returns,2022-10-03 - 2024-09-20,2.1835513955693875,0.673865935020476,3.2403350311854515,0.00391854479267465
INCY,Market Returns,2022-10-03 - 2024-09-20,1.0269776404836808,0.37214532991872307,2.7596144783221486,0.01174423430557945
PNW,Market Returns,2022-10-03 - 2024-09-20,0.5770964861739267,0.28393854592002865,2.032469682141945,0.054944678009209685
HII,Market Returns,2022-10-03 - 2024-09-20,0.477345037339825,0.36933509329140224,1.2924443033178106,0.21024431056844226
CRL,Market Returns,2022-10-03 - 2024-09-20,1.6686153331869915,0.5299831343845137,3.1484310064410024,0.0048495038003727835
NWSA,Market Returns,2022-10-03 - 2024-09-20,1.3371001447955984,0.3034375128005267,4.406509045157443,2.458142296840796e-4
CPB,Market Returns,2022-10-03 - 2024-09-20,-0.2496516071863059,0.2809780429749929,-0.8885093103468051,0.3843313735062631
GL,Market Returns,2022-10-03 - 2024-09-20,0.999828178638449,0.5651665106946928,1.7690860299020152,0.09140235615238519
QRVO,Market Returns,2022-10-03 - 2024-09-20,1.5495035183604104,0.4983085148804587,3.109526472234028,0.005305255892523035
MKTX,Market Returns,2022-10-03 - 2024-09-20,1.4558038602213896,0.6467375931905738,2.250996193122809,0.03522419248102824
TAP,Market Returns,2022-10-03 - 2024-09-20,0.9447293786027757,0.33059441011983104,2.8576689432236266,0.009424612440982897
MTCH,Market Returns,2022-10-03 - 2024-09-20,2.2927234118834807,0.5988663283401437,3.8284393417778886,9.78407432560503e-4
FOXA,Market Returns,2022-10-03 - 2024-09-20,0.6501134838871225,0.33256708334338947,1.954834126550802,0.0640442802746767
HAS,Market Returns,2022-10-03 - 2024-09-20,0.7058342300437688,0.5601500474129777,1.260080639649368,0.22146368675925637
LW,Market Returns,2022-10-03 - 2024-09-20,1.162986770157479,0.5393997097006746,2.1560760030865556,0.042826289309156974
DAY,Market Returns,2022-10-03 - 2024-09-20,0.6745124687853913,0.45280612159694017,1.489627539500891,0.15118868770734417
APA,Market Returns,2022-10-03 - 2024-09-20,0.3596038729577687,0.4910677609422513,0.7322897195852722,0.47208634963721385
HRL,Market Returns,2022-10-03 - 2024-09-20,0.2886249704305231,0.36874681637009205,0.7827185418757492,0.44253005197168194
NCLH,Market Returns,2022-10-03 - 2024-09-20,2.6671869073949623,0.7266623343471237,3.670462581208809,0.0014245845055639431
GNRC,Market Returns,2022-10-03 - 2024-09-20,2.0837582822851104,0.7313830874058738,2.8490654462300267,0.00960919915306197
HSIC,Market Returns,2022-10-03 - 2024-09-20,1.1386688545753976,0.3516318094606053,3.2382418880763035,0.00393767107593044
CZR,Market Returns,2022-10-03 - 2024-09-20,2.6330164673798926,0.41196752075050336,6.39132051619794,2.4591880675024736e-6
FRT,Market Returns,2022-10-03 - 2024-09-20,0.9528483022919249,0.295114353715213,3.2287426561821144,0.004025618318385425
MGM,Market Returns,2022-10-03 - 2024-09-20,2.1379829148639504,0.4106919018557378,5.205807334411361,3.692651266775849e-5
BF-B,Market Returns,2022-10-03 - 2024-09-20,1.0691002004088457,0.29927163727562556,3.5723405336410723,0.0017974381769353051
PAYC,Market Returns,2022-10-03 - 2024-09-20,0.5440520109373628,0.6875521198959897,0.791288391372664,0.43762230130190993
MHK,Market Returns,2022-10-03 - 2024-09-20,1.8257882816261473,0.5592259616030141,3.2648489286737483,0.0037011675727368688
MOS,Market Returns,2022-10-03 - 2024-09-20,1.2284899696623566,0.5132681045821268,2.3934664139368684,0.026108927423081994
FMC,Market Returns,2022-10-03 - 2024-09-20,1.6267878242998761,0.4803101359353502,3.3869529343408273,0.0027819444057818167
WYNN,Market Returns,2022-10-03 - 2024-09-20,1.362858089141797,0.4813169938450096,2.831518742470695,0.00999641986615879
BWA,Market Returns,2022-10-03 - 2024-09-20,0.7988046785793526,0.45101676371361343,1.7711197073964582,0.09105506831614434
IVZ,Market Returns,2022-10-03 - 2024-09-20,1.8812901967046767,0.49366822166883223,3.8108391711846985,0.0010203033296220176
RL,Market Returns,2022-10-03 - 2024-09-20,2.0458452908879043,0.3928384623953103,5.207853829824805,3.6749705993592766e-5
DVA,Market Returns,2022-10-03 - 2024-09-20,1.4084627644791223,0.40954998820047755,3.4390497010334915,0.002461510749648474
BBWI,Market Returns,2022-10-03 - 2024-09-20,1.6336071857713081,0.6404651263520692,2.550657512105195,0.018617013872009675
BEN,Market Returns,2022-10-03 - 2024-09-20,1.7343499553358481,0.42963354842937185,4.036812212817596,5.950039907728211e-4
PARA,Market Returns,2022-10-03 - 2024-09-20,2.2342780550138737,0.7739290929184385,2.886928628808293,0.008821886341844602
WBA,Market Returns,2022-10-03 - 2024-09-20,1.122125490497937,0.6278966102944771,1.7871182486105024,0.08836250173410969
FOX,Market Returns,2022-10-03 - 2024-09-20,0.6987378611169397,0.3241376565703384,2.155682460687231,0.04286069430197208
NWS,Market Returns,2022-10-03 - 2024-09-20,1.328217274487517,0.304710071729357,4.358954290382752,2.754035586009486e-4
